{
  "service_ids": ["1"],
  "viewbox": [-79.650347, 43.914362, -79.123046, 43.59181],
  "origin_stops": [
    "03079",
    "06861",
    "03238",
    "03239",
    "S_YNQU"
  ],
  "origin_time": 0
}
