{
  "serviceIds": ["1"],
  "viewBox": [43.914362, -79.650347, 43.59181, -79.123046],
  "canvasSize": [1200, 600],
  "originStops": [
    2332,
    6108,
    8510,
    8672,
    13975
  ],
  "originTime": 17750
}
